id;institution_id;owner_id;name;created_at;updated_at;teaching_hours;latest_test_time;has_student_with_scored_test
1;2;4;QA Sanity;06.07.18 11:35;06.07.18 11:35;6-10;;1
2;2;5;student_class_1;06.07.18 11:49;06.07.18 11:49;3-5;;0
4;2;6;skw1_test2;06.07.18 12:22;06.07.18 12:22;3-5;;0
5;2;4;new tell app release;13.07.18 09:46;13.07.18 09:46;3-5;;1
6;2;4;0.6.0.0;18.07.18 12:58;18.07.18 12:58;1-3;;1
7;3;7;Radiation 101;19.07.18 10:23;19.07.18 10:23;15+;;0
8;3;7;DCtest;19.07.18 12:43;31.01.19 09:09;11-15;31.01.19 09:09;1
9;3;7;MGclass;01.08.18 09:58;01.08.18 09:58;15+;;0
10;2;4;0.7.0.0;02.08.18 12:59;02.08.18 13:16;3-5;02.08.18 13:16;1
11;4;8;Gimnacio del Norte Class;09.08.18 14:40;31.08.18 16:10;6-10;31.08.18 16:10;1
12;1;9;Class 1A;10.08.18 08:42;19.12.18 14:26;6-10;13.08.18 15:18;1
20;1;9;Class 2C;14.08.18 14:35;19.12.18 14:26;3-5;;0
21;10;10;klasa1;16.08.18 11:30;16.08.18 11:30;1-3;;0
22;2;4;1.0.0.0 release;17.08.18 10:35;10.10.18 13:36;3-5;10.10.18 13:36;1
23;13;34;Class 1A;19.08.18 13:37;20.12.18 12:32;15+;20.12.18 12:32;1
24;13;34;Class 2B;20.08.18 08:31;24.08.18 10:23;6-10;24.08.18 10:23;1
25;1;9;Class 5A;20.08.18 13:22;20.08.18 13:22;6-10;;0
26;17;35;class for CD;21.08.18 07:21;24.08.18 07:08;6-10;;0
27;11;39;testprodenv;21.08.18 07:42;21.08.18 09:41;11-15;21.08.18 09:41;1
28;17;36;SkyEdu ;22.08.18 07:21;22.08.18 07:21;3-5;;0
29;14;15;5th A ;22.08.18 09:48;23.08.18 18:36;3-5;23.08.18 18:36;1
30;13;34;Class 3A;24.08.18 08:02;10.10.18 14:35;3-5;04.09.18 07:28;1
31;17;37;Helen Demo 1;25.08.18 05:19;16.04.19 03:58;6-10;16.04.19 03:58;1
32;15;20;"6 \""A\""";26.08.18 19:24;28.08.18 14:33;6-10;28.08.18 14:33;1
33;15;20;"6 \""B\""";26.08.18 19:37;29.08.18 15:08;6-10;29.08.18 15:08;1
34;15;20;"6 \""C\""";26.08.18 19:41;29.08.18 19:01;6-10;29.08.18 19:01;1
35;15;20;"6 \""D\""";26.08.18 19:45;06.09.18 19:51;6-10;06.09.18 19:51;1
36;15;20;Adicionales;26.08.18 19:55;26.08.18 19:55;6-10;;0
37;2;4;1.0.0.2 release;27.08.18 08:16;27.08.18 08:56;3-5;27.08.18 08:56;1
38;19;42;Academic Consultancy Unit;28.08.18 16:08;20.09.18 15:35;15+;20.09.18 15:35;1
39;13;13;Test Class 1;30.08.18 09:58;30.08.18 09:58;6-10;;0
40;16;28;5Â°;30.08.18 11:42;06.09.18 19:46;6-10;06.09.18 19:46;1
41;16;28;Backup;30.08.18 12:05;30.08.18 12:05;3-5;;0
42;11;46;TestProdEnv2;30.08.18 12:06;30.08.18 12:06;3-5;;0
43;20;44;1st Grade 2018;30.08.18 16:15;31.08.18 16:49;3-5;31.08.18 16:49;1
44;20;44;2nd Grade 2018;30.08.18 16:16;31.08.18 17:10;3-5;31.08.18 17:10;1
45;20;44;3rd Grade 2018;30.08.18 16:16;31.08.18 18:05;3-5;31.08.18 18:05;1
46;20;44;4th Grade 2018;30.08.18 16:16;31.08.18 18:57;3-5;31.08.18 18:57;1
47;20;44;5th Grade 2018;30.08.18 16:16;31.08.18 16:11;3-5;31.08.18 16:11;1
48;20;44;6th Grade 2018;30.08.18 16:17;31.08.18 14:47;3-5;31.08.18 14:47;1
49;19;43;Demo EB;31.08.18 15:04;31.08.18 17:21;3-5;31.08.18 17:21;1
51;21;47;Demo Peru;31.08.18 17:22;31.08.18 17:22;3-5;;0
52;21;47;Colegio 10 de Mayo Reposicion;31.08.18 17:51;31.08.18 18:15;3-5;31.08.18 18:15;1
53;2;4;1.1.1.0;03.09.18 06:26;10.10.18 13:05;11-15;10.10.18 13:05;1
54;22;49;Instituto Tenayuca PEB  03 Septiembre 18;03.09.18 08:56;04.09.18 00:34;6-10;03.09.18 18:53;1
55;21;47;Demo CA;03.09.18 16:12;06.09.18 16:28;3-5;06.09.18 16:28;1
56;21;47;Test 2;03.09.18 20:10;03.09.18 20:10;3-5;;0
57;23;55;FRAY JUAN PRIMERO A;04.09.18 01:38;05.09.18 18:41;6-10;05.09.18 18:41;1
58;23;55;FRAY JUAN PRIMERO B;04.09.18 01:38;05.09.18 18:37;6-10;05.09.18 18:37;1
59;23;55;FRAY JUAN SEGUNDO A;04.09.18 01:38;05.09.18 18:43;6-10;05.09.18 18:43;1
61;23;55;FRAY JUAN TERCERO A;04.09.18 01:39;05.09.18 14:57;6-10;05.09.18 14:57;1
63;23;55;FRAY JUAN CUARTO A;04.09.18 01:55;05.09.18 14:01;6-10;05.09.18 14:01;1
65;23;55;FRAY JUAN QUINTO A;04.09.18 01:56;05.09.18 18:37;6-10;05.09.18 18:37;1
67;23;55;FRAY JUAN SEXTO A;04.09.18 01:56;05.09.18 19:26;6-10;05.09.18 19:26;1
69;24;61;PIAVE PRIMERO A;04.09.18 03:21;19.09.18 15:11;11-15;19.09.18 15:11;1
70;24;61;PIAVE PRIMERO B;04.09.18 03:21;19.09.18 15:09;11-15;19.09.18 15:09;1
71;24;61;PIAVE SEGUNDO A;04.09.18 03:22;06.09.18 17:17;11-15;06.09.18 17:17;1
72;24;61;PIAVE SEGUNDO B;04.09.18 03:22;19.09.18 14:58;11-15;19.09.18 14:58;1
73;24;61;PIAVE TERCERO A;04.09.18 03:22;19.09.18 15:37;11-15;19.09.18 15:37;1
74;24;61;PIAVE TERCERO B;04.09.18 03:22;06.09.18 17:34;11-15;06.09.18 17:34;1
75;24;61;PIAVE CUARTO A;04.09.18 03:23;19.09.18 14:59;11-15;19.09.18 14:59;1
76;24;61;PIAVE CUARTO B;04.09.18 03:23;19.09.18 15:34;11-15;19.09.18 15:34;1
77;24;61;PIAVE QUINTO A;04.09.18 03:23;19.09.18 15:41;11-15;19.09.18 15:41;1
78;24;61;PIAVE QUINTO B;04.09.18 03:23;06.09.18 14:16;11-15;06.09.18 14:16;1
79;24;61;PIAVE SEXTO A;04.09.18 03:24;19.09.18 15:40;11-15;19.09.18 15:40;1
80;24;61;PIAVE SEXTO B;04.09.18 03:24;06.09.18 15:00;11-15;06.09.18 15:00;1
81;13;34;Class 3B;04.09.18 08:01;10.10.18 14:35;3-5;;0
82;13;67;Nick's English;04.09.18 14:06;04.09.18 14:06;6-10;;0
83;13;12;Ms Martin's test class 1;06.09.18 10:40;06.09.18 10:40;3-5;;0
84;2;4;expired test;06.09.18 12:13;06.09.18 12:13;3-5;;0
85;25;68;LaLoma_6toA;06.09.18 13:09;07.09.18 17:46;6-10;07.09.18 17:46;1
86;25;68;LaLoma_2do A;06.09.18 13:09;07.09.18 15:40;3-5;07.09.18 15:40;1
87;25;68;LaLoma_3ro A;06.09.18 13:09;07.09.18 16:24;6-10;07.09.18 16:24;1
88;25;68;LaLoma_4toA;06.09.18 13:09;07.09.18 16:25;6-10;07.09.18 16:25;1
89;25;68;LaLoma_5to A;06.09.18 13:10;07.09.18 17:44;6-10;07.09.18 17:44;1
90;25;68;LaLoma_1roA;06.09.18 13:10;07.09.18 14:59;3-5;07.09.18 14:59;1
91;25;68;LaLoma_2do B;06.09.18 13:21;07.09.18 15:39;6-10;07.09.18 15:39;1
92;21;47;Demo TELL Internacional;06.09.18 16:02;06.09.18 19:50;3-5;06.09.18 19:50;1
93;22;50;Prueba;06.09.18 17:06;06.09.18 17:06;1-3;;0
94;17;37;China Launch 2018;07.09.18 07:21;11.09.18 13:25;3-5;11.09.18 13:25;1
95;13;84;Level 1;10.09.18 08:57;10.09.18 08:57;3-5;;0
96;13;84;Level 2;10.09.18 09:12;10.09.18 09:12;6-10;;0
97;13;84;Level 3;10.09.18 09:31;10.09.18 09:31;6-10;;0
98;13;84;Level 4;10.09.18 09:36;10.09.18 09:36;6-10;;0
99;13;84;Level 5;10.09.18 09:45;10.09.18 09:45;11-15;;0
100;13;12;Demo Class Level 1;10.09.18 10:04;10.09.18 10:04;1-3;;0
101;13;12;Demo Class Level 2;10.09.18 10:08;10.09.18 10:08;1-3;;0
102;13;12;Demo Class Level 3;10.09.18 10:12;10.09.18 10:12;6-10;;0
103;13;12;Demo Class Level4;10.09.18 10:14;27.09.18 16:13;6-10;;0
104;13;12;Demo Class Level 5;10.09.18 10:16;10.09.18 10:16;6-10;;0
105;26;73;BritAcademy_1_A;10.09.18 13:47;29.10.18 16:28;6-10;29.10.18 16:28;1
106;26;73;BritAcademy_1_B;10.09.18 13:50;11.09.18 15:14;6-10;11.09.18 15:14;1
107;26;73;BritAcademy_1_C;10.09.18 13:53;29.10.18 14:46;6-10;29.10.18 14:46;1
108;26;73;BritAcademy_2_A;10.09.18 13:56;11.09.18 16:46;6-10;11.09.18 16:46;1
109;26;73;BritAcademy_2_B;10.09.18 14:00;11.09.18 14:59;6-10;11.09.18 14:59;1
110;26;73;BritAcademy_2_C;10.09.18 14:03;29.10.18 14:27;6-10;29.10.18 14:27;1
111;26;73;BritAcademy_3_A;10.09.18 14:08;29.10.18 18:03;6-10;29.10.18 18:03;1
112;26;73;BritAcademy_3_B;10.09.18 14:11;11.09.18 18:20;6-10;11.09.18 18:20;1
113;21;47;Colegio Javier Pilot;10.09.18 14:12;12.09.18 16:18;3-5;12.09.18 16:18;1
114;26;73;BritAcademy_4_A;10.09.18 14:15;12.09.18 14:07;6-10;12.09.18 14:07;1
115;26;73;BritAcademy_4_B;10.09.18 14:17;12.09.18 15:07;6-10;12.09.18 15:07;1
116;26;73;BritAcademy_5_A;10.09.18 14:21;29.10.18 15:20;6-10;29.10.18 15:20;1
117;26;73;BritAcademy_5_B;10.09.18 14:25;12.09.18 17:27;6-10;12.09.18 17:27;1
118;26;73;BritAcademy_6_A;10.09.18 14:28;12.09.18 18:14;6-10;12.09.18 18:14;1
119;26;73;BritAcademy_6_B;10.09.18 14:32;12.09.18 19:03;6-10;12.09.18 19:03;1
120;28;83;Bahcesehir deneme;11.09.18 09:03;11.09.18 09:03;1-3;;0
121;28;83;Bahcesehir Class-2;11.09.18 10:37;09.11.18 10:21;6-10;09.11.18 10:21;1
122;28;83;Bahcesehir Class-3;11.09.18 10:37;09.11.18 10:42;6-10;09.11.18 10:42;1
123;28;83;Bahcesehir Class-4;11.09.18 10:37;21.09.18 08:57;6-10;21.09.18 08:57;1
124;28;83;Beylikduzu Class-2;11.09.18 10:37;13.09.18 07:44;6-10;13.09.18 07:44;1
125;28;83;Beylikduzu Class-3;11.09.18 10:37;21.09.18 07:56;6-10;21.09.18 07:56;1
126;28;83;Beylikduzu Class-4;11.09.18 10:37;21.09.18 07:49;6-10;21.09.18 07:49;1
127;21;47;Distexa training;11.09.18 16:45;11.09.18 19:34;3-5;11.09.18 19:34;1
128;27;78;Wozniak_1A;13.09.18 02:28;24.10.18 16:01;6-10;24.10.18 16:01;1
129;27;78;Wozniak_2A;13.09.18 02:32;22.10.18 17:58;6-10;22.10.18 17:58;1
130;27;78;Wozniak_3A;13.09.18 02:34;22.10.18 17:24;6-10;22.10.18 17:24;1
131;27;78;Wozniak_4A;13.09.18 02:37;19.10.18 13:40;6-10;19.10.18 13:40;1
132;27;78;Wozniak_5A;13.09.18 02:39;24.10.18 17:19;6-10;24.10.18 17:19;1
133;27;78;Wozniak_6A;13.09.18 02:42;17.10.18 16:39;6-10;17.10.18 16:39;1
134;2;4;1.2.0.0 release;13.09.18 11:29;13.09.18 12:22;3-5;13.09.18 12:22;1
135;18;40;WEEK1 REPUBLICA ARABE DE EGIPTO 4th Grade;14.09.18 12:04;30.10.18 14:09;6-10;30.10.18 14:09;1
136;18;40;WEEK1 REPUBLICA ARABE DE EGIPTO 5th Grade;14.09.18 12:46;30.10.18 16:16;6-10;30.10.18 16:16;1
137;18;40;WEEK1 REPUBLICA DE LA INDIA 4th Grade;14.09.18 14:00;24.09.18 18:54;6-10;24.09.18 18:54;1
138;18;40;WEEK1 REPUBLICA DE LA INDIA 5th Grade;14.09.18 14:00;26.09.18 15:27;6-10;26.09.18 15:27;1
139;21;47;Colegio Javier Pilot 2;17.09.18 13:53;20.09.18 16:17;3-5;20.09.18 16:17;1
140;29;90;Class 1A;18.09.18 09:03;09.10.18 10:16;1-3;18.09.18 09:04;1
141;29;91;Class 1B;18.09.18 09:03;09.10.18 10:16;15+;18.09.18 09:04;1
142;13;92;Stu's class;18.09.18 22:44;18.09.18 22:44;1-3;;0
143;13;92;guan lee's class;18.09.18 23:23;18.09.18 23:23;6-10;;0
144;17;35;Class for DengShiKou;19.09.18 09:30;28.09.18 02:28;3-5;28.09.18 02:28;1
145;21;48;Demo Benchmark;19.09.18 12:35;19.09.18 12:35;3-5;;0
146;13;12;Netherlands demo;20.09.18 14:04;04.10.18 08:55;11-15;04.10.18 08:55;1
147;17;35;iWorld English School;21.09.18 05:09;21.09.18 05:09;6-10;;0
148;17;35;New Oriental Group;21.09.18 05:15;10.10.18 06:31;6-10;10.10.18 06:31;1
149;17;35;Shishangxunda ;21.09.18 05:22;09.10.18 03:51;6-10;09.10.18 03:51;1
150;17;35;TAL Education Group;21.09.18 05:25;21.09.18 05:25;6-10;;0
151;17;35;Sirui ;21.09.18 05:29;21.09.18 05:29;6-10;;0
152;17;35;BeiWai International Education Group;21.09.18 05:40;21.09.18 05:40;6-10;;0
153;30;107;"Cukurambar	2-A";21.09.18 13:53;19.02.19 06:32;6-10;19.02.19 06:32;1
154;30;107;"Cukurambar	2-B";21.09.18 14:54;19.02.19 06:33;6-10;19.02.19 06:33;1
155;30;107;"Cukurambar	2-C";21.09.18 14:54;19.02.19 06:31;6-10;19.02.19 06:31;1
156;30;107;"Cukurambar	3-A";21.09.18 14:54;19.02.19 06:49;6-10;19.02.19 06:49;1
157;30;107;"Cukurambar	3-B";21.09.18 14:54;19.02.19 06:41;6-10;19.02.19 06:41;1
158;30;107;"Cukurambar	3-C";21.09.18 14:55;19.02.19 06:37;6-10;19.02.19 06:37;1
159;30;107;"Cukurambar	3-D";21.09.18 14:55;19.02.19 06:42;6-10;19.02.19 06:42;1
160;30;107;"Cukurambar	4-A";21.09.18 15:00;19.02.19 07:34;6-10;19.02.19 07:34;1
161;30;107;"Cukurambar	4-B";21.09.18 15:00;19.02.19 06:37;6-10;19.02.19 06:37;1
162;30;107;"Cukurambar	4-C";21.09.18 15:00;16.01.19 11:53;6-10;16.01.19 11:53;1
163;30;107;"Cukurambar	5-A";21.09.18 15:00;19.02.19 07:37;6-10;19.02.19 07:37;1
164;30;107;"Cukurambar	5-B";21.09.18 15:00;19.02.19 07:38;6-10;19.02.19 07:38;1
165;30;107;"Cukurambar	5-C";21.09.18 15:00;19.02.19 09:13;6-10;19.02.19 09:13;1
166;30;107;"Cukurambar	6-A";21.09.18 15:00;19.02.19 09:14;6-10;19.02.19 09:14;1
167;30;107;"Cukurambar	6-B";21.09.18 15:01;19.02.19 07:41;6-10;19.02.19 07:41;1
168;30;107;"Cukurambar	7-A";21.09.18 15:01;19.02.19 07:46;6-10;19.02.19 07:46;1
169;30;107;"Cukurambar	7-B";21.09.18 15:01;19.02.19 09:21;6-10;19.02.19 09:21;1
170;30;107;"Cukurambar	7-C";21.09.18 15:01;19.02.19 09:16;6-10;19.02.19 09:16;1
171;30;107;"Umitkoy	2-A";21.09.18 15:03;28.02.19 11:49;6-10;28.02.19 11:49;1
172;30;107;"Umitkoy	2-B";21.09.18 15:03;20.02.19 11:32;6-10;20.02.19 11:32;1
173;30;107;"Umitkoy	2-C";21.09.18 15:04;28.02.19 12:00;6-10;28.02.19 12:00;1
174;30;107;"Umitkoy	3-A";21.09.18 15:04;20.02.19 12:32;6-10;20.02.19 12:32;1
175;30;107;"Umitkoy	3-B";21.09.18 15:04;28.02.19 12:01;6-10;28.02.19 12:01;1
176;30;107;"Umitkoy	4-A";21.09.18 15:04;17.04.19 08:45;6-10;17.04.19 08:45;1
177;13;12;Training demo class;21.09.18 15:04;27.09.18 14:54;6-10;;1
178;18;40;WEEK6 SANTA ISABEL;22.09.18 21:59;30.10.18 19:21;6-10;30.10.18 19:21;1
179;18;40;WEEK4 ESCUELA JOSE DEL C. MEJIA;22.09.18 21:59;30.10.18 18:32;6-10;30.10.18 18:32;1
180;18;40;WEEK4 ESCUELA MARCO ALARCON;22.09.18 23:47;30.10.18 14:16;6-10;30.10.18 14:16;1
181;18;40;WEEK6 ESCUELA SANTA FE;22.09.18 23:50;30.10.18 19:17;6-10;30.10.18 19:17;1
182;18;40;WEEK6 C.E.B.G. CLÄºMACO DELGADO B.;23.09.18 16:17;30.10.18 16:09;6-10;30.10.18 16:09;1
183;18;40;WEEK4 ESCUELA PRIMARIA ZAPALLAL;23.09.18 16:22;31.10.18 22:37;6-10;31.10.18 22:37;1
185;21;47;MEP - Costa Rica;24.09.18 19:54;24.09.18 19:54;1-3;;0
187;32;115;Colegio Javier Pilot 3;26.09.18 07:56;08.11.18 13:57;3-5;08.11.18 13:57;1
188;33;118;Class 1;26.09.18 12:48;23.01.19 16:23;3-5;26.09.18 12:48;1
189;33;118;Class 2;26.09.18 12:48;24.01.19 12:43;6-10;24.01.19 12:43;1
190;17;35;Global Vision Education;27.09.18 02:15;27.09.18 02:15;6-10;;0
191;31;108;Test class1;27.09.18 10:18;27.09.18 10:18;6-10;;0
192;31;108;Test class 2;27.09.18 10:27;27.09.18 10:27;3-5;;0
193;2;4;1.3.0.0 Release;27.09.18 11:05;27.09.18 11:41;6-10;27.09.18 11:41;1
194;17;35;Pearson Shanghai ;28.09.18 01:40;29.10.18 03:46;6-10;29.10.18 03:46;1
195;34;120;Cekmekoy 7-A;28.09.18 06:30;21.03.19 06:50;6-10;21.03.19 06:50;1
196;34;120;Cekmekoy 6-A;28.09.18 06:30;21.03.19 08:25;6-10;21.03.19 08:25;1
197;34;120;Cekmekoy 5-A;28.09.18 06:31;21.03.19 07:25;6-10;21.03.19 07:25;1
198;34;120;Cekmekoy 4-A;28.09.18 06:31;05.03.19 06:55;6-10;05.03.19 06:55;1
199;34;120;Cekmekoy 3-A;28.09.18 06:31;05.03.19 06:52;6-10;05.03.19 06:52;1
200;34;120;Cekmekoy 2-A;28.09.18 06:31;05.03.19 07:35;6-10;05.03.19 07:35;1
201;18;40;WEEK3 CEBG EL EMPALME;30.09.18 22:36;30.10.18 18:30;6-10;30.10.18 18:30;1
202;18;40;WEEK3 CEBG FINCA 62;30.09.18 22:36;10.10.18 17:09;6-10;10.10.18 17:09;1
203;18;40;WEEK3 CEBG MARIANO THOMAS;30.09.18 22:36;30.10.18 18:31;6-10;30.10.18 18:31;1
204;21;47;Herradura Interview;01.10.18 03:46;09.10.18 22:49;6-10;09.10.18 22:49;1
205;2;4;expired test after impl;03.10.18 09:19;03.10.18 09:19;1-3;;0
206;28;83;Bahcesehir Class-5A;03.10.18 10:46;09.11.18 09:54;6-10;09.11.18 09:54;1
207;28;83;Bahcesehir Class-5B;03.10.18 11:38;09.11.18 09:41;6-10;09.11.18 09:41;1
208;28;83;Bahcesehir Class-5C;03.10.18 11:39;12.10.18 07:54;6-10;12.10.18 07:54;1
209;28;83;Bahcesehir Class-6A;03.10.18 11:39;09.11.18 09:43;6-10;09.11.18 09:43;1
210;28;83;Bahcesehir Class-6B;03.10.18 11:39;04.10.18 09:05;6-10;04.10.18 09:05;1
211;28;83;Bahcesehir Class-7A;03.10.18 11:40;04.10.18 10:22;6-10;04.10.18 10:22;1
212;28;83;Bahcesehir Class-7B;03.10.18 11:40;12.10.18 10:23;6-10;12.10.18 10:23;1
213;13;94;Demo Class Oct 4;04.10.18 03:47;12.10.18 03:49;1-3;12.10.18 03:49;1
214;35;130;Class #1 with 30 students;04.10.18 08:16;04.10.18 08:16;3-5;04.10.18 08:16;1
215;35;129;Class #2 with 30 students;04.10.18 08:16;05.03.19 09:48;1-3;04.10.18 08:16;1
216;36;134;Class #1 with 30 students;04.10.18 08:16;04.10.18 08:16;11-15;04.10.18 08:16;1
217;36;133;Class #2 with 30 students;04.10.18 08:16;04.10.18 08:16;6-10;04.10.18 08:16;1
218;37;138;Class 1A;04.10.18 08:17;09.10.18 11:29;6-10;04.10.18 08:17;1
219;37;138;Class 1B;04.10.18 08:17;09.10.18 11:30;15+;04.10.18 08:17;1
220;38;141;Class #1 with 30 students;04.10.18 08:18;04.10.18 08:18;3-5;04.10.18 08:18;1
221;38;142;Class #2 with 30 students;04.10.18 08:18;04.10.18 08:18;6-10;04.10.18 08:18;1
222;39;146;Class #1 with 30 students;04.10.18 08:18;04.10.18 08:18;1-3;04.10.18 08:18;1
223;39;145;Class #2 with 30 students;04.10.18 08:18;04.10.18 08:18;1-3;04.10.18 08:18;1
224;40;150;Class #1 with 30 students;04.10.18 08:19;04.10.18 08:19;11-15;04.10.18 08:19;1
225;40;149;Class #2 with 30 students;04.10.18 08:19;04.10.18 08:19;3-5;04.10.18 08:19;1
226;28;83;Beylikduzu Class-5A;04.10.18 13:30;12.10.18 09:18;6-10;12.10.18 09:18;1
227;28;83;Beylikduzu Class-5B;04.10.18 13:40;05.10.18 07:15;6-10;05.10.18 07:15;1
228;28;83;Beylikduzu Class-6A;04.10.18 13:40;12.10.18 09:12;6-10;12.10.18 09:12;1
229;28;83;Beylikduzu Class-6B;04.10.18 13:40;05.10.18 07:58;6-10;05.10.18 07:58;1
230;28;83;Beylikduzu Class-7A;04.10.18 13:40;05.10.18 08:37;6-10;05.10.18 08:37;1
231;28;83;Beylikduzu Class-7B;04.10.18 13:40;05.10.18 10:35;6-10;05.10.18 10:35;1
232;28;83;Beylikduzu Class-7C;04.10.18 13:40;09.11.18 08:20;6-10;09.11.18 08:20;1
233;28;83;Test Pearson;04.10.18 13:47;04.10.18 13:48;6-10;;0
234;41;151;Test;10.10.18 14:09;16.11.18 18:17;3-5;16.11.18 18:17;1
236;13;94;Pearson Japan Internal use;11.10.18 06:17;03.03.19 06:53;1-3;21.02.19 03:28;1
237;2;4;check bl all;11.10.18 09:36;11.10.18 09:36;1-3;;0
238;13;94;South Korea Demo Class #1;12.10.18 02:47;29.04.19 04:32;1-3;29.04.19 04:32;1
239;17;35;Shanghai Experimental School International Division;12.10.18 08:27;12.10.18 08:27;6-10;;0
240;21;47;Demo Interno PerÃº;12.10.18 15:32;12.10.18 15:32;6-10;;0
241;18;40;WEEK5 ESCUELA CARLOS CLEMENT;15.10.18 00:20;30.10.18 16:10;6-10;30.10.18 16:10;1
242;18;40;WEEK5  ESCUELA PABLO AROSEMENA;15.10.18 00:25;30.10.18 19:17;6-10;30.10.18 19:17;1
244;18;40;WEEK5 ESCUELA ENRIQUE GENZIER;15.10.18 00:41;24.10.18 17:27;6-10;24.10.18 17:27;1
247;18;40;WEEK5 ESCUELA MANUEL URBANO AYARZA;15.10.18 01:23;30.10.18 16:01;6-10;30.10.18 16:01;1
248;17;35;çˆ±è´;15.10.18 08:33;15.10.18 08:33;6-10;;0
249;17;35;ABIE for Miller;15.10.18 08:35;15.10.18 08:35;6-10;;0
250;2;4;1.4.1.0;15.10.18 10:29;15.10.18 10:55;1-3;15.10.18 10:55;1
251;17;154;Test1;16.10.18 01:38;16.10.18 01:38;6-10;;0
252;17;35;Test1;16.10.18 02:23;16.10.18 02:23;6-10;;0
253;17;35;51talk for Ellen;16.10.18 06:38;16.10.18 06:38;6-10;;0
254;33;116;Marketing;19.10.18 08:19;19.10.18 08:19;6-10;;0
255;31;109;Assessment team;19.10.18 08:32;19.10.18 08:32;11-15;;0
256;21;47;October 23rd - Panama Event;22.10.18 17:03;22.10.18 17:03;6-10;;0
257;33;118;Class 3;23.10.18 17:43;23.01.19 16:24;3-5;;0
259;17;154;Level 1;24.10.18 05:29;24.10.18 06:42;3-5;24.10.18 06:42;1
260;17;154;level 2;24.10.18 06:03;24.10.18 06:03;6-10;;0
261;17;35;Pearson Shanghai For Ouwen;24.10.18 09:25;18.11.18 10:08;6-10;18.11.18 10:08;1
262;42;159;Class #1 with 30 students;24.10.18 14:22;24.10.18 14:22;6-10;24.10.18 14:22;1
263;42;160;Class #2 with 30 students;24.10.18 14:22;24.10.18 14:22;11-15;24.10.18 14:22;1
264;43;163;Class #1 with 30 students;24.10.18 14:23;24.10.18 14:23;1-3;24.10.18 14:23;1
265;43;164;Class #2 with 30 students;24.10.18 14:23;24.10.18 14:23;1-3;24.10.18 14:23;1
266;44;168;Class #1 with 30 students;24.10.18 14:24;24.10.18 14:24;11-15;24.10.18 14:24;1
267;44;167;Class #2 with 30 students;24.10.18 14:24;24.10.18 14:24;6-10;24.10.18 14:24;1
268;45;172;Class #1 with 30 students;24.10.18 14:25;24.10.18 14:25;1-3;24.10.18 14:25;1
269;45;171;Class #2 with 30 students;24.10.18 14:25;24.10.18 14:25;1-3;24.10.18 14:25;1
270;46;175;Class #1 with 30 students;24.10.18 14:26;24.10.18 14:26;15+;24.10.18 14:26;1
271;46;176;Class #2 with 30 students;24.10.18 14:26;24.10.18 14:26;11-15;24.10.18 14:26;1
272;47;179;Class #1 with 30 students;24.10.18 14:27;24.10.18 14:27;1-3;24.10.18 14:27;1
273;47;179;Class #2 with 30 students;24.10.18 14:27;24.10.18 14:28;3-5;24.10.18 14:28;1
274;48;183;Class #1 with 30 students;24.10.18 14:29;24.10.18 14:29;6-10;24.10.18 14:29;1
275;48;183;Class #2 with 30 students;24.10.18 14:29;24.10.18 14:29;11-15;24.10.18 14:29;1
276;49;188;Class #1 with 30 students;24.10.18 14:30;24.10.18 14:30;1-3;24.10.18 14:30;1
277;49;187;Class #2 with 30 students;24.10.18 14:30;24.10.18 14:30;15+;24.10.18 14:30;1
278;50;191;Class #1 with 30 students;24.10.18 14:31;24.10.18 14:31;3-5;24.10.18 14:31;1
279;50;191;Class #2 with 30 students;24.10.18 14:31;24.10.18 14:31;11-15;24.10.18 14:31;1
280;51;195;Class #1 with 30 students;24.10.18 14:32;24.10.18 14:32;1-3;24.10.18 14:32;1
281;51;196;Class #2 with 30 students;24.10.18 14:32;24.10.18 14:32;15+;24.10.18 14:32;1
282;17;153;122;29.10.18 03:52;29.10.18 03:52;3-5;;0
283;13;156;Portfolio China;29.10.18 03:53;29.10.18 03:53;1-3;;0
284;17;154;121;29.10.18 06:37;29.10.18 09:15;3-5;29.10.18 09:15;1
285;2;4;1.5.0.0;29.10.18 11:23;29.10.18 11:47;3-5;29.10.18 11:47;1
286;13;94;ESJ Demo;30.10.18 05:25;30.10.18 05:25;1-3;;0
287;17;35;åŒ—äº¬ç²¾è¯šå­¦æ ¡ for Ellen;01.11.18 08:57;01.11.18 08:57;3-5;;0
288;33;116;Training 1;01.11.18 12:24;16.01.19 19:18;6-10;16.01.19 19:18;1
289;54;208;Erkan Ulu 5-A;02.11.18 10:29;12.03.19 06:32;6-10;12.03.19 06:32;1
290;54;208;Erkan Ulu 5-B;02.11.18 10:29;12.03.19 06:25;6-10;12.03.19 06:25;1
291;54;208;Erkan Ulu 6-A;02.11.18 10:30;12.03.19 06:29;6-10;12.03.19 06:29;1
292;54;208;Erkan Ulu 6-B;02.11.18 10:30;12.03.19 06:33;6-10;12.03.19 06:33;1
293;54;208;Erkan Ulu 6-C;02.11.18 10:30;12.03.19 07:00;6-10;12.03.19 07:00;1
294;43;161;ELTon Level 1;02.11.18 10:51;02.11.18 10:52;1-3;;0
295;43;161;ELTon Level 2;02.11.18 10:51;02.11.18 10:51;3-5;;0
296;43;161;ELTon Level 3;02.11.18 10:52;02.11.18 10:52;6-10;;0
297;43;161;ELTon Level 4;02.11.18 10:52;02.11.18 10:52;11-15;;0
298;43;161;ELTon Level 5;02.11.18 10:52;02.11.18 10:52;15+;;0
303;53;209;Pearson Class;03.11.18 07:22;03.11.18 07:22;6-10;;0
304;54;208;Test;05.11.18 10:47;05.11.18 10:47;6-10;;0
305;39;143;irmak_Istanbul Campus-1-A;05.11.18 14:12;05.11.18 14:14;1-3;;0
306;39;143;irmak_Ankara Campus-1-A;05.11.18 14:15;22.02.19 11:33;1-3;;0
307;40;147;Malaysia DEMO;06.11.18 01:45;14.11.18 10:53;1-3;14.11.18 10:53;1
308;40;148;Vietnam DEMO;06.11.18 05:04;06.11.18 05:04;1-3;;0
309;55;211;2A;06.11.18 06:00;28.02.19 07:16;6-10;28.02.19 07:16;1
310;55;211;2B;06.11.18 06:00;01.03.19 08:02;6-10;01.03.19 08:02;1
311;55;211;3A;06.11.18 06:01;01.03.19 08:03;6-10;01.03.19 08:03;1
312;55;211;3B;06.11.18 06:01;28.02.19 08:53;6-10;28.02.19 08:53;1
313;55;211;3C;06.11.18 06:01;28.02.19 09:47;6-10;28.02.19 09:47;1
314;55;211;4A;06.11.18 06:01;28.02.19 10:35;6-10;28.02.19 10:35;1
315;55;211;4B;06.11.18 06:01;28.02.19 11:16;6-10;28.02.19 11:16;1
316;55;211;5A;06.11.18 06:01;28.02.19 11:31;6-10;28.02.19 11:31;1
317;55;211;5B;06.11.18 06:01;28.02.19 12:19;6-10;28.02.19 12:19;1
318;55;211;6A;06.11.18 06:01;28.02.19 13:13;6-10;28.02.19 13:13;1
319;55;211;6B;06.11.18 06:02;28.02.19 13:11;6-10;28.02.19 13:11;1
320;55;211;7A;06.11.18 06:02;01.03.19 07:38;6-10;01.03.19 07:38;1
321;55;211;7B;06.11.18 06:02;01.03.19 08:19;6-10;01.03.19 08:19;1
322;52;199;Year 1;06.11.18 07:13;28.04.19 10:25;11-15;28.04.19 10:25;1
323;52;199;Year 2;06.11.18 07:45;28.04.19 10:23;11-15;28.04.19 10:23;1
324;52;199;Year 3;06.11.18 07:47;07.11.18 07:33;11-15;07.11.18 07:33;1
325;52;199;Year 4;06.11.18 07:52;07.11.18 07:32;11-15;07.11.18 07:32;1
326;52;199;Year 5;06.11.18 07:55;07.11.18 06:30;11-15;07.11.18 06:30;1
327;52;199;Year 6;06.11.18 07:59;07.11.18 06:41;11-15;07.11.18 06:41;1
328;52;199;Year 7;06.11.18 08:02;07.11.18 05:41;11-15;07.11.18 05:41;1
329;52;199;Year 8;06.11.18 08:05;07.11.18 05:30;11-15;07.11.18 05:30;1
330;52;199;Year 9;06.11.18 08:06;06.11.18 08:06;11-15;;0
331;17;35;ä½œä¸šç½‘ For Ellen;07.11.18 03:22;07.11.18 03:22;6-10;;0
332;13;94;KSD--unused;07.11.18 08:25;03.03.19 06:53;1-3;;0
334;13;94;KSD Demo;07.11.18 08:51;17.11.18 03:30;1-3;17.11.18 03:30;1
336;29;90;Demo Evento MePro;07.11.18 19:16;09.11.18 16:43;6-10;09.11.18 16:43;1
337;18;40;Alejandro Tapia;08.11.18 17:21;08.11.18 17:21;6-10;;1
338;18;40;Adolfo Fabrega;08.11.18 17:23;08.11.18 17:23;6-10;;1
339;18;40;Hipolito Perez;08.11.18 17:24;08.11.18 17:24;6-10;;1
340;18;40;John F. Kennedy;08.11.18 17:24;08.11.18 17:24;6-10;;1
341;18;40;Juana Vernaza;08.11.18 17:25;08.11.18 17:25;6-10;;1
342;18;40;Kuna Nega;08.11.18 17:25;08.11.18 17:25;6-10;;1
343;18;40;La Compania;08.11.18 17:25;08.11.18 17:25;6-10;;1
344;18;40;Los Andes;08.11.18 17:25;08.11.18 17:25;6-10;;1
345;18;40;Presidente Porras;08.11.18 17:25;08.11.18 17:25;6-10;;1
346;18;40;Republica de Chile;08.11.18 17:26;08.11.18 17:26;6-10;;1
347;18;40;Republica Dominicana;08.11.18 17:26;08.11.18 17:26;6-10;;1
348;18;40;Romulo Arrocha;08.11.18 17:26;08.11.18 17:26;6-10;;1
349;19;42;Encuentro Nacional de CapacitaciÃ³n;09.11.18 14:38;09.11.18 14:38;3-5;;0
350;44;167;Helen Created on 20181112;12.11.18 00:25;12.11.18 00:25;3-5;;0
351;17;35;Pearson Shanghai For Ouwen;14.11.18 09:26;14.11.18 09:26;3-5;;0
352;17;35;Zhuhai Dulwich School For Chrissie;15.11.18 01:43;15.11.18 01:43;3-5;;0
353;13;94;HS M Pilot Nov 2018--4th Grade;16.11.18 00:25;03.03.19 07:03;1-3;21.11.18 00:05;1
354;13;94;HS T Pilot Nov 2018--4th Grade;16.11.18 01:28;03.03.19 07:03;1-3;21.11.18 00:47;1
355;41;151;ASAS Argentina;16.11.18 16:06;17.11.18 13:08;3-5;17.11.18 13:08;1
356;17;35;Sichun Aisam Forr Chrissie;19.11.18 06:16;22.11.18 11:52;3-5;22.11.18 11:52;1
357;17;35;Sichun Meishan For Chrissie;19.11.18 06:23;19.11.18 06:23;3-5;;0
358;57;223;ATAKENT-5A;19.11.18 07:53;21.11.18 10:16;6-10;21.11.18 10:16;1
359;57;223;ATAKENT-5B;19.11.18 07:56;21.11.18 11:04;6-10;21.11.18 11:04;1
360;57;223;ATAKENT-5C;19.11.18 07:57;05.12.18 12:05;6-10;05.12.18 12:05;1
361;56;224;skw111;19.11.18 14:29;19.11.18 14:58;15+;19.11.18 14:58;1
362;38;141;Versant;20.11.18 00:25;20.11.18 00:25;1-3;;0
363;17;225;Level1;21.11.18 08:03;21.11.18 08:03;1-3;;0
364;17;225;Level2;21.11.18 08:27;21.11.18 08:27;3-5;;0
365;2;201;new class;21.11.18 10:28;21.11.18 10:28;1-3;;0
366;18;40;EB TEST FOR PC EMULATORS;22.11.18 04:04;22.11.18 04:42;11-15;22.11.18 04:42;1
367;33;116;Publishers mixed class;22.11.18 12:08;22.11.18 12:08;15+;;0
368;17;35;ä¼´é±¼ For Jill;23.11.18 03:24;15.02.19 10:13;3-5;15.02.19 10:13;1
369;2;201;1.6.0.0;26.11.18 11:24;26.11.18 11:50;1-3;26.11.18 11:50;1
370;17;35;BJ Pearson for HanRong;27.11.18 06:05;27.11.18 06:05;3-5;;0
372;53;203;class 1;28.11.18 05:31;13.12.18 02:52;6-10;13.12.18 02:52;1
373;53;203;class 2;28.11.18 05:32;28.11.18 05:32;6-10;;0
375;13;94;Korea Pilot Level check;29.11.18 07:54;29.11.18 07:54;1-3;;0
376;13;94;Korea Herald Demo;29.11.18 08:16;29.11.18 08:16;1-3;;0
377;58;233;Class #1 with 30 students;30.11.18 13:09;30.11.18 13:09;3-5;30.11.18 13:09;1
378;58;233;Class #2 with 30 students;30.11.18 13:09;30.11.18 13:09;1-3;30.11.18 13:09;1
379;59;236;Class #1 with 30 students;30.11.18 13:09;30.11.18 13:10;6-10;30.11.18 13:10;1
380;59;236;Class #2 with 30 students;30.11.18 13:09;30.11.18 13:10;11-15;30.11.18 13:10;1
381;60;240;Class #1 with 30 students;30.11.18 13:10;30.11.18 13:10;15+;30.11.18 13:10;1
382;60;241;Class #2 with 30 students;30.11.18 13:10;30.11.18 13:10;3-5;30.11.18 13:10;1
383;61;245;Class #1 with 30 students;30.11.18 13:11;30.11.18 13:11;1-3;30.11.18 13:11;1
384;61;245;Class #2 with 30 students;30.11.18 13:11;30.11.18 13:11;1-3;30.11.18 13:11;1
385;62;249;Class #1 with 30 students;30.11.18 13:11;30.11.18 13:11;11-15;30.11.18 13:11;1
386;62;249;Class #2 with 30 students;30.11.18 13:11;30.11.18 13:11;11-15;30.11.18 13:11;1
387;63;253;Class #1 with 30 students;30.11.18 13:12;30.11.18 13:12;11-15;30.11.18 13:12;1
388;63;252;Class #2 with 30 students;30.11.18 13:12;30.11.18 13:12;3-5;30.11.18 13:12;1
389;64;256;Class #1 with 30 students;30.11.18 13:12;30.11.18 13:12;3-5;30.11.18 13:12;1
390;64;256;Class #2 with 30 students;30.11.18 13:12;30.11.18 13:12;11-15;30.11.18 13:12;1
391;65;261;Class #1 with 30 students;30.11.18 13:13;30.11.18 13:13;15+;30.11.18 13:13;1
392;65;260;Class #2 with 30 students;30.11.18 13:13;30.11.18 13:13;11-15;30.11.18 13:13;1
393;66;265;Class #1 with 30 students;30.11.18 13:13;30.11.18 13:13;1-3;30.11.18 13:13;1
394;66;265;Class #2 with 30 students;30.11.18 13:13;30.11.18 13:13;3-5;30.11.18 13:13;1
395;67;268;Class #1 with 30 students;30.11.18 13:14;30.11.18 13:14;15+;30.11.18 13:14;1
396;67;269;Class #2 with 30 students;30.11.18 13:14;30.11.18 13:14;1-3;30.11.18 13:14;1
397;68;272;Class #1 with 30 students;30.11.18 13:14;30.11.18 13:14;1-3;30.11.18 13:14;1
398;68;272;Class #2 with 30 students;30.11.18 13:14;30.11.18 13:14;15+;30.11.18 13:14;1
399;69;276;Class #1 with 30 students;30.11.18 13:15;30.11.18 13:15;1-3;30.11.18 13:15;1
400;69;277;Class #2 with 30 students;30.11.18 13:15;30.11.18 13:15;11-15;30.11.18 13:15;1
401;70;280;Class #1 with 30 students;30.11.18 13:15;30.11.18 13:15;6-10;30.11.18 13:15;1
402;70;281;Class #2 with 30 students;30.11.18 13:15;25.03.19 11:41;3-5;25.03.19 11:41;1
403;40;147;Thailand DEMO;01.12.18 01:50;01.12.18 01:50;3-5;;0
404;40;147;Korea demo;05.12.18 07:53;15.03.19 02:44;3-5;15.03.19 02:44;1
405;13;94;100 Classic Pilot;06.12.18 00:02;06.12.18 00:02;1-3;;0
406;2;201;odd level;07.12.18 12:51;07.12.18 14:23;1-3;07.12.18 14:23;1
407;13;284;Jesper Grade 9;09.12.18 20:47;25.02.19 18:32;3-5;25.02.19 18:32;1
408;2;4;1.7.0.0;10.12.18 11:33;10.12.18 11:59;1-3;10.12.18 11:59;1
409;37;137;Class 3A;11.12.18 09:39;17.01.19 14:45;3-5;17.01.19 14:45;1
410;17;35;ä¸‡æº For Tina;12.12.18 06:51;12.12.18 06:51;3-5;;0
411;2;4;1.8.1.0;19.12.18 11:40;19.12.18 12:06;1-3;19.12.18 12:06;1
412;71;283;Pilot Test A;20.12.18 07:01;21.12.18 04:48;1-3;21.12.18 04:48;1
414;71;283;Pilot Test B;20.12.18 07:24;21.12.18 05:25;1-3;21.12.18 05:25;1
415;71;283;Pilot Test C;20.12.18 07:29;21.12.18 05:15;1-3;21.12.18 05:15;1
416;71;283;Pilot Test D;20.12.18 07:32;21.12.18 04:38;1-3;21.12.18 04:38;1
417;71;283;Pilot Test E;20.12.18 07:35;21.12.18 05:14;1-3;21.12.18 05:14;1
418;2;4;level 5 and 4 test;20.12.18 11:54;20.12.18 14:59;3-5;20.12.18 14:59;1
419;71;283;Test 1;21.12.18 03:37;21.12.18 03:37;1-3;;0
420;40;147;ID Class;21.12.18 06:23;21.12.18 06:23;3-5;;0
421;71;283;MEA Sutera Utama Placement Test;28.12.18 11:10;27.04.19 07:36;1-3;27.04.19 07:36;1
422;71;291;test 1;03.01.19 08:37;03.01.19 08:37;1-3;;0
423;71;283;MEA Gaya Year 1 Camel;04.01.19 10:53;16.01.19 11:51;1-3;16.01.19 11:51;1
424;71;283;MEA Gaya Year 2 Ape;04.01.19 10:56;11.01.19 06:28;1-3;11.01.19 06:28;1
425;71;283;MEA Gaya Year 3 Beaver;04.01.19 11:00;16.01.19 11:58;1-3;16.01.19 11:58;1
426;17;35;Learning Education for Jingwen;08.01.19 05:45;08.01.19 05:45;6-10;;0
427;17;35;ä¸Šæµ·å’Œå¹³åŒè¯­å­¦æ ¡ For Alison;08.01.19 08:38;20.01.19 05:32;1-3;20.01.19 05:32;1
428;71;283;MEA Sutera Year 3 Dragonfly;08.01.19 11:44;12.01.19 10:27;1-3;12.01.19 10:27;1
429;71;283;MEA Sutera Year 5 Avocado;08.01.19 11:45;10.01.19 12:45;1-3;10.01.19 12:45;1
430;13;94;ECC_SK_JAN_2019;09.01.19 07:34;23.01.19 07:51;1-3;23.01.19 07:51;1
431;12;11;Testing Pending license;10.01.19 10:07;10.01.19 10:07;3-5;;0
432;17;35;åŒ—å¤–é’å°‘ For Ellen;11.01.19 02:32;24.01.19 07:07;3-5;24.01.19 07:07;1
433;71;283;MEA Gaya Year 4 Dolphin;11.01.19 03:32;12.01.19 05:27;1-3;12.01.19 05:27;1
434;44;165;Class 3A;11.01.19 04:40;11.01.19 04:40;3-5;;0
435;44;165;L 1;11.01.19 04:41;11.01.19 04:41;3-5;;0
437;71;283;MEA Sutera Year 1 Garfield;15.01.19 07:59;16.01.19 07:16;1-3;16.01.19 07:16;1
438;71;283;MEA Seri Alam Year 2 Lady Bug;15.01.19 08:10;23.02.19 04:05;1-3;23.02.19 04:05;1
439;71;283;MEA Gaya Placement Test;15.01.19 08:27;02.03.19 02:51;1-3;02.03.19 02:51;1
440;71;283;MEA Mount Austin Placement Test;15.01.19 08:27;08.03.19 08:31;1-3;08.03.19 08:31;1
441;71;283;MEA Setia Eco Year 3 Dill;16.01.19 02:20;18.01.19 10:10;1-3;18.01.19 10:10;1
442;75;300;Class From Teacher;16.01.19 21:16;16.01.19 21:16;11-15;;0
443;71;283;MEA Sutera Year 6 Quillfish;17.01.19 07:43;17.01.19 09:06;1-3;17.01.19 09:06;1
444;17;35;Rebecca Class 1;18.01.19 05:56;29.01.19 09:29;3-5;29.01.19 09:29;1
445;17;35;Tina Class 1;18.01.19 09:03;18.01.19 09:03;3-5;;0
447;33;116;Efficacy;23.01.19 17:56;23.01.19 18:00;6-10;;0
448;21;47;Pilotos IvÃ¡n Tavera Colombia;23.01.19 21:08;23.01.19 22:15;6-10;23.01.19 22:15;1
449;33;116;Class 4;24.01.19 10:58;24.01.19 10:58;3-5;;0
450;71;283;MEA Nusantara Placement Test;25.01.19 07:45;23.02.19 04:51;1-3;23.02.19 04:51;1
451;17;35;For Foshan Test;30.01.19 06:13;30.01.19 06:13;3-5;;0
452;17;35;For Foshan Test 2;30.01.19 08:08;30.01.19 08:08;1-3;;0
453;17;308;LikeShuo For Felix;01.02.19 08:34;01.02.19 08:34;3-5;;0
454;13;94;HS 6T Feb2019--6th Grade;08.02.19 05:31;03.03.19 07:03;1-3;22.02.19 06:09;1
455;13;94;HS 6M Feb2019--6th Grade;08.02.19 05:31;03.03.19 07:03;1-3;15.02.19 05:30;1
456;33;117;Canada;08.02.19 14:51;08.02.19 14:51;3-5;;0
457;2;6;Class Hyatt Bangkok;12.02.19 11:10;12.02.19 12:29;6-10;12.02.19 12:29;1
458;71;283;MEA Seri Alam One To One (Shelbie);14.02.19 04:24;19.02.19 06:49;1-3;19.02.19 06:49;1
459;73;297;ABM Grade 5;15.02.19 03:33;15.02.19 03:33;3-5;;0
461;73;297;ABM Grade 6;15.02.19 03:33;15.02.19 03:33;3-5;;0
462;73;297;ABM Grade 7;15.02.19 03:33;15.02.19 03:33;3-5;;0
463;73;297;ABM Grade 8;15.02.19 03:34;15.02.19 03:34;3-5;;0
464;71;283;MEA Mutiara Rini Placement Test;16.02.19 01:51;22.04.19 09:12;1-3;22.04.19 09:12;1
465;76;309;Class Test 1;18.02.19 11:28;02.04.19 11:55;6-10;02.04.19 11:55;1
466;71;283;MEA Mount Austin Year 5 Mackerel;21.02.19 08:16;25.03.19 09:07;1-3;22.02.19 04:41;1
467;71;283;MEA Mount Austin Year 4 Cheetah ;21.02.19 08:22;25.03.19 09:07;1-3;22.02.19 04:43;1
468;41;151;Nestor;21.02.19 18:39;26.02.19 16:56;6-10;26.02.19 16:56;1
469;33;119;Demo;22.02.19 00:39;22.02.19 00:39;1-3;;0
470;39;143;Hisar Schools;22.02.19 11:34;26.02.19 17:30;6-10;26.02.19 17:30;1
471;17;35;æ±Ÿè‹åœ°åŒº For Jingwen;25.02.19 08:16;28.02.19 06:01;3-5;28.02.19 06:01;1
472;33;116;JL test class;25.02.19 14:31;25.02.19 14:31;6-10;;0
473;46;175;DEMO;25.02.19 15:50;25.02.19 15:50;6-10;;0
474;21;47;Demo Nestor;26.02.19 01:32;26.02.19 01:32;1-3;;0
475;71;283;MEA Bukit Indah Year 4 Pomegranate;26.02.19 08:25;30.03.19 08:05;1-3;30.03.19 08:05;1
476;71;283;MEA Bukit Indah Placement Test ;26.02.19 08:28;05.04.19 03:31;1-3;05.04.19 03:31;1
477;71;283;MEA Sutera Year 2 Dragonfly;26.02.19 08:40;05.04.19 10:14;1-3;05.04.19 10:14;1
478;71;283;MEA Pelangi Year 4 Sat 2nd Class;26.02.19 10:56;30.03.19 05:19;1-3;30.03.19 05:19;1
479;71;283;MEA Nusantara Year 1 Jackfruit;26.02.19 11:13;06.04.19 02:05;1-3;06.04.19 02:05;1
480;71;283;MEA Nusantara Year 4 Eagle;26.02.19 11:15;26.03.19 07:51;1-3;26.03.19 07:51;1
481;71;283;MEA Kulai Placement Test;27.02.19 09:03;29.03.19 07:50;1-3;29.03.19 07:50;1
482;17;35;Tina for å“è¶Šæ•™è‚²;01.03.19 08:38;01.03.19 08:38;3-5;;0
483;17;35;Chrissie Class 1;04.03.19 07:33;04.03.19 07:33;3-5;;0
484;34;120;Cekmekoy 1-A;04.03.19 11:41;05.03.19 08:24;6-10;05.03.19 08:24;1
485;35;127;Class #3;05.03.19 09:45;05.03.19 09:45;1-3;;0
486;71;283;MEA Bukit Indah One to One Daniel;06.03.19 04:02;29.04.19 05:49;1-3;29.04.19 05:49;1
487;14;15;5 th A 2019;06.03.19 13:06;07.03.19 18:18;6-10;07.03.19 18:18;1
488;14;15;5th B 2019;06.03.19 13:07;08.03.19 18:22;6-10;08.03.19 18:22;1
489;47;179;GEMS WSO Demo ;07.03.19 05:47;07.03.19 08:24;6-10;07.03.19 08:24;1
490;77;313;1:00 AM;08.03.19 19:49;05.04.19 15:42;3-5;05.04.19 15:42;1
491;78;315;01. Primero 1;09.03.19 14:14;12.03.19 16:52;3-5;12.03.19 16:52;1
492;78;315;02. Primero 2;09.03.19 14:30;12.03.19 16:57;3-5;12.03.19 16:57;1
493;78;315;03. Segundo 1;09.03.19 14:30;12.03.19 19:07;3-5;12.03.19 19:07;1
494;78;315;04. Segundo 2;09.03.19 14:30;12.03.19 19:18;3-5;12.03.19 19:18;1
495;78;315;05. Tercero 1;09.03.19 14:31;11.03.19 20:03;3-5;11.03.19 20:03;1
496;78;315;06. Tercero 2;09.03.19 14:31;11.03.19 16:12;3-5;11.03.19 16:12;1
497;78;315;07. Cuarto 1;09.03.19 14:32;12.03.19 18:07;3-5;12.03.19 18:07;1
498;78;315;08. Quinto 1;09.03.19 14:32;12.03.19 14:22;3-5;12.03.19 14:22;1
499;78;315;09. Quinto 2;09.03.19 14:35;11.03.19 14:39;3-5;11.03.19 14:39;1
500;78;315;10. Sexto 1;09.03.19 14:35;12.03.19 15:39;3-5;12.03.19 15:39;1
501;78;315;11. Sexto 2;09.03.19 14:35;12.03.19 15:39;3-5;12.03.19 15:39;1
502;77;313;Demo;09.03.19 15:20;09.03.19 15:20;1-3;;0
503;79;320;First Pilot Test Students;11.03.19 08:01;20.03.19 07:05;3-5;20.03.19 07:05;1
506;71;283;MEA Mutiara Rini Donald Duck;11.03.19 12:07;28.03.19 07:29;1-3;;1
508;71;283;MEA Bukit Indah Year 2 Leopard;12.03.19 10:52;26.03.19 06:42;1-3;26.03.19 06:42;1
509;77;313;1 B;12.03.19 22:56;05.04.19 16:19;3-5;05.04.19 16:19;1
510;77;313;1C;12.03.19 23:17;09.04.19 18:25;3-5;09.04.19 18:25;1
511;77;313;1D;12.03.19 23:17;08.04.19 15:24;3-5;08.04.19 15:24;1
512;77;313;1E;12.03.19 23:17;08.04.19 13:19;3-5;08.04.19 13:19;1
513;77;313;2A;12.03.19 23:18;10.04.19 17:02;3-5;10.04.19 17:02;1
514;77;313;2B;12.03.19 23:18;10.04.19 13:07;3-5;10.04.19 13:07;1
515;77;313;2C;12.03.19 23:18;09.04.19 14:44;3-5;09.04.19 14:44;1
516;77;313;2D;12.03.19 23:18;08.04.19 16:57;3-5;08.04.19 16:57;1
517;77;313;3A;12.03.19 23:19;05.04.19 13:28;3-5;05.04.19 13:28;1
518;77;313;3B;12.03.19 23:19;09.04.19 19:43;3-5;09.04.19 19:43;1
519;77;313;3C;12.03.19 23:19;08.04.19 18:11;3-5;08.04.19 18:11;1
520;77;313;4A;12.03.19 23:19;10.04.19 14:05;3-5;10.04.19 14:05;1
521;77;313;4B;12.03.19 23:20;09.04.19 15:49;3-5;09.04.19 15:49;1
522;77;313;4C;12.03.19 23:20;05.04.19 17:16;3-5;05.04.19 17:16;1
523;77;313;4D;12.03.19 23:20;10.04.19 17:50;3-5;10.04.19 17:50;1
524;80;321;7-A;14.03.19 12:29;19.03.19 12:37;6-10;19.03.19 12:37;1
525;17;35;Tina for ä¸Šä¸­;15.03.19 08:27;15.03.19 08:27;3-5;;0
526;17;35;Tina for åº·æ¡¥;15.03.19 08:34;15.03.19 08:34;3-5;;0
527;17;35;Tina for æµ·äº®;15.03.19 08:43;15.03.19 08:43;3-5;;0
528;17;35;Tina for å’Œå¹³;15.03.19 08:48;15.03.19 08:48;3-5;;0
529;17;35;Tina for åå’Œ;15.03.19 08:53;15.03.19 08:53;3-5;;0
530;17;35;Miller for æ–°ä¸œæ–¹;15.03.19 08:58;19.03.19 09:16;1-3;19.03.19 09:16;1
531;40;147;Singapore Mind Stretcher Pre-School;18.03.19 03:52;25.03.19 17:03;3-5;;0
532;80;322;7-B;18.03.19 07:39;19.03.19 12:35;6-10;19.03.19 12:35;1
533;80;322;7-C;18.03.19 07:39;19.03.19 09:01;6-10;19.03.19 09:01;1
535;21;47;Classe demo 002;18.03.19 15:57;18.03.19 15:57;3-5;;0
536;17;35;Jingwen for æ±Ÿè‹åœ°åŒº;19.03.19 01:27;22.03.19 09:33;3-5;22.03.19 09:33;1
537;17;35;Amy for åº·æ¡¥å›½é™…å­¦æ ¡;21.03.19 01:45;21.03.19 01:45;3-5;;0
539;17;35;Ellen for test;22.03.19 06:38;22.03.19 09:18;3-5;;0
540;71;283;MEA Seri Alam Placement Test;22.03.19 11:57;12.04.19 04:02;1-3;12.04.19 04:02;1
541;71;283;REMOVED NAMES WEEK 20;25.03.19 08:27;25.03.19 08:27;1-3;;0
542;71;283;MEA Mount Austin Year 4 Horse;25.03.19 11:16;27.04.19 06:45;1-3;27.04.19 06:45;1
543;71;283;MEA Mount Austin Year 5 Whale;25.03.19 11:19;11.04.19 11:26;1-3;11.04.19 11:26;1
544;40;147;Singapore Mind Stretcher P1 to P2;25.03.19 17:05;25.03.19 18:11;6-10;;0
545;40;147;Singapore Mind Stretcher P3;25.03.19 17:54;25.03.19 17:54;6-10;;0
546;40;147;Singapore Mind Stretcher P4;25.03.19 18:00;25.03.19 18:00;11-15;;0
547;40;147;Singapore Mind Stretcher P5 to P6;25.03.19 18:03;25.03.19 18:03;15+;;0
550;17;35;Chrissie forr Zhuoyue Edu;28.03.19 08:59;28.03.19 08:59;3-5;;0
551;17;35;Chrissie for è´è´é¾™æ•™è‚²;28.03.19 09:02;28.03.19 09:02;3-5;;0
552;17;35;Chrissie for Langyun;28.03.19 09:05;28.03.19 09:05;3-5;;0
553;17;35;Helen Pilot for BJ;28.03.19 09:20;22.04.19 16:23;3-5;22.04.19 16:23;1
554;17;35;Helen Pilot for SH;28.03.19 09:28;28.03.19 09:28;3-5;;0
555;17;35;Helen Pilot for GZ;28.03.19 09:32;28.03.19 09:32;3-5;;0
556;71;283;MEA Bukit Indah Year 3 Pumpkin;28.03.19 10:56;28.03.19 10:56;1-3;;0
557;71;283;MEA Setia Eco Placement Test ;29.03.19 06:39;13.04.19 07:25;1-3;13.04.19 07:25;1
558;71;283;MEA Mount Austin Year 3 Hedgehog;29.03.19 09:28;01.04.19 10:02;1-3;01.04.19 10:02;1
559;81;326;F30C;29.03.19 10:28;27.04.19 10:38;1-3;27.04.19 10:38;1
560;71;283;MEA Gaya Year 4 Flamingo;29.03.19 11:11;30.03.19 04:54;1-3;30.03.19 04:54;1
561;71;283;MEA Sutera Year 3 Eagle;30.03.19 02:38;30.03.19 02:40;1-3;;1
562;84;332;3-A;01.04.19 06:51;13.04.19 11:07;1-3;13.04.19 11:07;1
563;84;332;3-B;01.04.19 06:51;13.04.19 11:09;1-3;13.04.19 11:09;1
564;84;332;3-C;01.04.19 06:51;13.04.19 11:15;1-3;13.04.19 11:15;1
565;84;332;3-D;01.04.19 06:51;13.04.19 11:04;1-3;13.04.19 11:04;1
566;84;332;3-E;01.04.19 06:52;13.04.19 11:13;1-3;13.04.19 11:13;1
567;84;332;4-A;01.04.19 06:52;13.04.19 12:40;1-3;13.04.19 12:40;1
568;84;332;4-D;01.04.19 06:52;13.04.19 11:16;1-3;13.04.19 11:16;1
569;84;332;5-A;01.04.19 06:52;13.04.19 12:28;1-3;13.04.19 12:28;1
570;84;332;5-B;01.04.19 06:52;13.04.19 11:15;1-3;13.04.19 11:15;1
571;84;332;5-C;01.04.19 06:53;13.04.19 12:37;1-3;13.04.19 12:37;1
572;84;332;5-D;01.04.19 06:53;13.04.19 12:29;1-3;13.04.19 12:29;1
573;84;332;6-B;01.04.19 06:53;13.04.19 12:42;3-5;13.04.19 12:42;1
574;84;332;6-C;01.04.19 06:54;13.04.19 12:42;3-5;13.04.19 12:42;1
575;84;332;6-D;01.04.19 06:54;13.04.19 12:34;3-5;13.04.19 12:34;1
576;84;332;6-E;01.04.19 06:54;13.04.19 12:42;3-5;13.04.19 12:42;1
577;84;332;6-F;01.04.19 06:54;13.04.19 12:30;3-5;13.04.19 12:30;1
578;84;332;7-E;01.04.19 06:59;13.04.19 12:39;3-5;13.04.19 12:39;1
579;84;332;7-G;01.04.19 06:59;13.04.19 12:45;3-5;13.04.19 12:45;1
580;84;332;9-A;01.04.19 07:00;01.04.19 07:00;3-5;;0
581;84;332;9-ANADOLUA;01.04.19 07:00;13.04.19 12:41;6-10;13.04.19 12:41;1
582;84;332;10-FENA;01.04.19 07:00;13.04.19 12:39;6-10;13.04.19 12:39;1
583;17;35;Lisa for Wawii English;01.04.19 09:27;01.04.19 09:27;3-5;;0
584;82;328;7-A;02.04.19 06:53;04.04.19 07:58;3-5;04.04.19 07:58;1
585;82;328;7-B;02.04.19 06:53;04.04.19 09:02;3-5;04.04.19 09:02;1
586;82;328;7-C;02.04.19 06:53;04.04.19 11:19;3-5;04.04.19 11:19;1
587;82;328;7-D;02.04.19 06:53;08.04.19 05:55;3-5;08.04.19 05:55;1
588;37;88;Test class;02.04.19 07:32;02.04.19 07:32;6-10;;0
589;17;35;Tina for Fudanfuzhong;03.04.19 03:01;03.04.19 03:01;6-10;;0
590;17;35;Tina for HangzhouWahaha;03.04.19 03:02;03.04.19 03:02;6-10;;0
591;17;35;Tina for Zhongxin;03.04.19 03:02;03.04.19 03:02;6-10;;0
592;71;283;MEA Impian Emas One to One;03.04.19 07:44;03.04.19 07:44;1-3;;0
593;71;283;MEA Impian Emas Year 5 Ficus;03.04.19 07:59;03.04.19 07:59;1-3;;0
594;71;283;MEA Gaya Year 3 Goose;03.04.19 09:31;05.04.19 05:56;1-3;05.04.19 05:56;1
595;13;94;Gakken Cram School Pilot;04.04.19 01:35;04.04.19 01:35;1-3;;0
596;17;35;Chrissie for Chuangxiankejiao;04.04.19 07:30;04.04.19 07:30;3-5;;0
597;83;330;5-TESLA;05.04.19 12:48;08.04.19 10:16;1-3;08.04.19 10:16;1
598;83;330;6-ORWELL;05.04.19 12:49;08.04.19 10:18;3-5;08.04.19 10:18;1
599;83;330;7-MANDELA;05.04.19 12:49;08.04.19 12:32;3-5;08.04.19 12:32;1
600;83;330;7-KING;05.04.19 12:49;08.04.19 12:28;3-5;08.04.19 12:28;1
601;83;330;7-GANDHI;05.04.19 12:49;08.04.19 12:28;3-5;08.04.19 12:28;1
602;83;330;8-MIXED;05.04.19 12:49;08.04.19 08:42;3-5;08.04.19 08:42;1
603;85;334;4-A;08.04.19 10:21;17.04.19 07:16;1-3;17.04.19 07:16;1
604;85;334;4-B;08.04.19 10:21;17.04.19 08:03;1-3;17.04.19 08:03;1
605;85;334;4-C;08.04.19 10:21;17.04.19 08:48;1-3;17.04.19 08:48;1
606;85;334;5-A;08.04.19 10:21;17.04.19 09:41;1-3;17.04.19 09:41;1
607;85;334;5-B;08.04.19 10:21;17.04.19 09:38;1-3;17.04.19 09:38;1
608;85;334;5-C;08.04.19 10:21;17.04.19 09:42;1-3;17.04.19 09:42;1
609;85;334;6-A;08.04.19 10:21;16.04.19 12:15;3-5;16.04.19 12:15;1
610;85;334;6-B;08.04.19 10:22;17.04.19 10:06;3-5;17.04.19 10:06;1
611;85;334;6-C;08.04.19 10:22;17.04.19 09:41;3-5;17.04.19 09:41;1
612;85;334;7-A;08.04.19 10:22;17.04.19 09:40;3-5;17.04.19 09:40;1
613;85;334;7-B;08.04.19 10:22;17.04.19 10:09;3-5;17.04.19 10:09;1
614;85;334;7-C;08.04.19 10:22;17.04.19 09:34;3-5;17.04.19 09:34;1
615;85;334;7-D;08.04.19 10:22;17.04.19 09:44;3-5;17.04.19 09:44;1
616;85;334;7-E;08.04.19 10:23;17.04.19 09:33;3-5;17.04.19 09:33;1
617;71;283;MEA Bukit Indah  Year 5 Fig;10.04.19 07:56;13.04.19 07:22;1-3;13.04.19 07:22;1
618;81;326;F10C;11.04.19 07:44;21.04.19 03:31;3-5;21.04.19 03:31;1
619;16;28;test;11.04.19 15:14;11.04.19 15:14;15+;;0
620;16;28;4Â° 2019;14.04.19 14:21;16.04.19 12:49;6-10;16.04.19 12:49;1
621;16;28;5Â° 2019;14.04.19 14:35;16.04.19 14:49;6-10;16.04.19 14:49;1
622;16;28;6Â° 2019;14.04.19 14:45;16.04.19 15:38;6-10;16.04.19 15:38;1
623;16;28;7Â° 2019;14.04.19 14:51;15.04.19 15:23;6-10;15.04.19 15:23;1
624;17;35;Chrissie for ZhuhaiTianHao;15.04.19 06:35;15.04.19 06:35;3-5;;0
625;71;283;MEA Sutera Year 1 Nut ;15.04.19 09:24;15.04.19 09:26;1-3;;1
626;40;147;Malaysia Sample Test;16.04.19 07:25;16.04.19 07:25;6-10;;0
627;71;283;MEA Impian Emas Placement Test;18.04.19 03:17;19.04.19 07:34;1-3;19.04.19 07:34;1
628;86;340;5-A;18.04.19 10:20;24.04.19 06:41;1-3;24.04.19 06:41;1
629;86;340;5-B;18.04.19 10:20;20.04.19 07:56;1-3;20.04.19 07:56;1
630;86;340;5-C;18.04.19 10:20;20.04.19 07:58;1-3;20.04.19 07:58;1
631;86;340;6-A;18.04.19 10:21;20.04.19 08:47;3-5;20.04.19 08:47;1
632;86;340;6-B;18.04.19 10:21;20.04.19 09:55;3-5;20.04.19 09:55;1
633;86;340;7-A;18.04.19 10:21;24.04.19 06:41;3-5;24.04.19 06:41;1
634;86;340;7-B;18.04.19 10:21;24.04.19 06:40;3-5;24.04.19 06:40;1
635;86;340;7-C;18.04.19 10:21;24.04.19 06:37;3-5;24.04.19 06:37;1
636;71;283;MEA Seri Alam Year 4 Aurora;19.04.19 02:55;19.04.19 02:57;1-3;;1
637;87;343;4-A;19.04.19 11:59;24.04.19 10:43;6-10;24.04.19 10:43;1
638;87;343;4-B;19.04.19 11:59;24.04.19 09:06;6-10;24.04.19 09:06;1
639;87;343;4-C;19.04.19 11:59;24.04.19 10:50;6-10;24.04.19 10:50;1
640;89;355;5-A;23.04.19 11:03;25.04.19 08:33;1-3;25.04.19 08:33;1
641;89;355;5-B;23.04.19 11:03;25.04.19 10:53;1-3;25.04.19 10:53;1
642;89;355;5-C;23.04.19 11:03;25.04.19 07:43;1-3;25.04.19 07:43;1
643;89;355;6-A;23.04.19 11:03;25.04.19 11:49;3-5;25.04.19 11:49;1
644;89;355;6-B;23.04.19 11:03;25.04.19 09:36;3-5;25.04.19 09:36;1
645;89;355;6-C;23.04.19 11:04;25.04.19 08:36;3-5;25.04.19 08:36;1
646;89;355;7-A;23.04.19 11:04;24.04.19 08:00;3-5;24.04.19 08:00;1
647;89;355;7-B;23.04.19 11:04;24.04.19 13:31;3-5;24.04.19 13:31;1
648;89;355;7-C;23.04.19 11:04;24.04.19 11:51;3-5;24.04.19 11:51;1
649;89;355;7-D;23.04.19 11:04;24.04.19 10:48;3-5;24.04.19 10:48;1
650;89;355;7-E;23.04.19 11:04;24.04.19 08:57;3-5;24.04.19 08:57;1
651;17;35;ChrissieOu for FLIS;24.04.19 06:35;24.04.19 06:35;3-5;;0
652;40;147;ID-ALI-STEP UP;25.04.19 05:05;25.04.19 10:48;1-3;25.04.19 10:48;1
653;40;147;Pinnacle;28.04.19 12:54;28.04.19 12:54;1-3;;0
654;40;147;Pinnacle 02;29.04.19 02:49;29.04.19 02:49;1-3;;0
655;40;361;Ali1;29.04.19 03:10;29.04.19 03:10;1-3;;0